{
    "Wimbledon": "AFC Wimbledon",
    "stevinage": "Stevenage",
    "Mansfield": "Mansfield Town",
    "Doncaster": "Doncaster Rovers",
    "Rotherham": "Rotherham United",
    "Bradford": "Bradford City",
    "Northampton": "Northampton Town",
    "Cardiff": "Cardiff City",
    "Exeter": "Exeter City",
    "Huddersfield": "Huddersfield Town",
    "Fort Vale": "Port Vale",
    "Luton": "Luton Town",
    "Peterborough": "Eastbourne Borough",
    "Plymouth": "Plymouth Argyle",
    "Redding": "Reading",
    "Stockport": "Stockport County",
    "Lincoln": "Lincoln City",
    "Birmingham": "Birmingham City",
    "ipswich": "Ipswich Town",
    "Coventry": "Coventry City",
    "Swansea": "Swansea City",
    "Blackburn": "Blackburn Rovers",
    "norwich": "Norwich City",
    "Charlton": "Charlton Athletic",
    "West Bromwich": "West Bromwich Albion",
    "Manchester United": "Newcastle United",
    "Newcastle": "Newcastle United",
    "Tottenham": "Tottenham Hotspur",
    "West Ham": "West Ham United",
    "Casa Pia Lisbon": "Casa Pia",
    "Vittoria Gimraiish": "Vitoria Guimaraes",
    "Aruka": "Arouca",
    "Gilles Vicente": "Gil Vicente",
    "Pamlicao": "Famalicao",
    "Estrella Amadora": "Estrela da Amadora",
    "Ashtoril": "Estoril",
    "Albarca": "Alverca",
    "Sporting Lisbon": "Sporting CP",
    "Rio Eva": "Rio Ave",
    "Berkeley Town": "Brackley Town",
    "Forest Green": "Forest Green Rovers",
    "Braintree": "Braintree Town",
    "Carlisle": "Carlisle United",
    "Hartlepool": "Hartlepool United",
    "Scunthorpe": "Scunthorpe United",
    "Solihull": "Solihull Moors",
    "tamworth": "Tamworth",
    "Aldershot": "Aldershot Town",
    "Waldstone": "Wealdstone",
    "Crowley Town": "Crawley Town",
    "Colchester": "Colchester United",
    "Swindon": "Swindon Town",
    "Grimsby": "Grimsby Town",
    "Barnett": "Barnet",
    "Cheltenham": "Cheltenham Town",
    "Shrewsbury": "Shrewsbury Town",
    "Crew Alexandra": "Crewe Alexandra",
    "Club Bruges": "Club Brugge",
    "Antwerp": "Royal Antwerp",
    "standard liege": "Standard Liege",
    "St. Troyden": "Sint Truidense",
    "Ghent": "Gent",
    "Westerlo": "KVC Westerlo",
    "Circle Bruges": "Cercle Brugge",
    "Saint Gilois": "Union Saint-Gilloise",
    "Padua": "Padova",
    "Catanzaro 1929": "Catanzaro",
    "Prosinone": "Frosinone",
    "Regiana": "Reggiana",
    "Venice": "Venezia",
    "Virtus Antella": "Virtus Entella",
    "Academic Viso": "Academico de Viseu",
    "Benfica Lisbon B": "Benfica II",
    "Paco Ferreira": "Pacos Ferreira",
    "Rome": "Roma",
    "Milan": "AC Milan",
    "Verona": "Hellas Verona",
    "Pharma": "Parma",
    "Turin": "Torino",
    "Naples": "Napoli",
    "Erzorumspur": "Erzurumspor",
    "Amd Sportif": "Amed Sportif Faliyetler",
    "Igadir Beldisspor": "Igdir Belediyespor",
    "Scan Bledispur": "Serik Belediyespor",
    "boluspore": "Boluspor",
    "to Saleya": "Al Sailiya",
    "Al Waqarah": "Al Wakrah",
    "Al Ryan": "Al-Rayyan",
    "Al Zulfi": "Al-Zulfi",
    "Al Raid": "Al-Raed",
    "Al Darya": "Al Draih",
    "Abkha Club": "Abha Club",
    "Al Faisali": "Al-Faisaly",
    "Al Ittihad Jeddah": "Al-Ittihad",
    "Al Shabab": "Al-Shabab",
    "Damac": "Damac FC",
    "to Riyadh": "Al-Riyadh",
    "Al Itifak": "Al-Ettifaq",
    "Al Najama": "Al-Najma",
    "Al Hilal Riyadh": "Al-Hilal",
    "Al Khaleej": "Al-Khaleej",
    "Al Ahdod": "Al-Akhdoud",
    "MacArthur": "Macarthur FC",
    "Western Sydney": "Western Sydney Wanderers",
    "Maccabi Tel Aviv": "Maccabi Netanya",
    "tax. Ashdod": "FC Ashdod",
    "Maccabi Cabilio Jaffa": "Maccabi Kabilio Jaffa",
    "Hapoel Ra'anana": "Hapoel Raanana",
    "Urban Kiryat Gat": "Maccabi Kiryat Gat",
    "Hapoel Ramat Gan": "Hapoel Raanana",
    "Maccabi Bnei Reina": "Maccabi Bnei Reineh",
    "Hapoel Kfar Shalem": "Hapoel Kiryat Shmona",
    "Maccabi City Kiryat Ata": "Maccabi Kiryat Ata-Bialik",
    "Hapoel Jerusalem": "Beitar Jerusalem",
    "in Louisedad": "Belouizdad",
    "Stiff": "ES Setif",
    "Livingstone": "Livingston",
    "Glasgow Rangers": "Rangers",
    "Set. Mirren": "St Mirren",
    "Bukaspor": "Vanspor",
    "Alzigspor": "Vanspor",
    "Samuha": "Smouha",
    "Torrence": "Torreense",
    "Lusitania Lorosa": "Lusitania Lourosa",
    "Algeria": "Almeria",
    "Persik Kadiri": "Persik Kediri",
    "Persis solo": "Persis Solo",
    "Malot United": "Malut United",
    "Weymouth": "Bournemouth",
    "Evesham United": "West Ham United",
    "Wimborne Town": "Worksop Town",
    "Paul Town": "Alfreton Town",
    "from Cassar": "PSM Makassar",
    "Haleswan Town": "Alfreton Town",
    "Bali United": "Dewa United",
    "Deva United": "Dewa United",
    "in Angkara": "Bhayangkara",
    "Pardo": "AC Paradou",
    "Mustagnam": "ES Mostaganem",
    "Ben Aknon": "Ben Aknoun",
    "U.S.M. Algiers": "USM Alger",
    "Mark Padang": "Semen Padang",
    "Arma": "Arema FC",
    "Persita Tandrang": "Persita Tangerang",
    "Persabaya Surabaya": "Persebaya Surabaya",
    "Persigep Jafara": "Persijap Jepara",
    "Passim Yogyakarta": "PSIM Yogyakarta"
}