{
    "ווימבלדון": "Wimbledon",
    "סטבינייג'": "stevinage",
    "בארנסלי": "Barnsley",
    "מנספילד": "Mansfield",
    "בלקפול": "Blackpool",
    "דונקסטר": "Doncaster",
    "בולטון": "Bolton",
    "רות'רהאם": "Rotherham",
    "ברדפורד": "Bradford",
    "וויגאן": "Wigan",
    "ברטון אלביון": "Burton Albion",
    "נורת'המפטון": "Northampton",
    "קרדיף": "Cardiff",
    "אקסטר": "Exeter",
    "האדרספילד": "Huddersfield",
    "פורט וייל": "Port Vale",
    "לוטון": "Luton",
    "וויקומב": "Wycombe",
    "פטרבורו": "Peterborough",
    "לייטון אוריינט": "Leyton Orient",
    "פלימות": "Plymouth",
    "רדינג": "Reading",
    "סטוקפורט": "Stockport",
    "לינקולן": "Lincoln",
    "בירמינגהאם": "Birmingham",
    "דרבי קאונטי": "Derby County",
    "מילוול": "Millwall",
    "איפסוויץ'": "ipswich",
    "קובנטרי": "Coventry",
    "סוונסי": "Swansea",
    "לסטר": "Lester",
    "ווטפורד": "Watford",
    "מידלסברו": "Middlesbrough",
    "בלקבורן": "Blackburn",
    "אוקספורד יונייטד": "Oxford United",
    "סאות'המפטון": "Southampton",
    "נוריץ'": "norwich",
    "צ'רלטון": "Charlton",
    "שפילד וונסדיי": "Sheffield Wednesday",
    "האל": "Hull City",
    "סטוק": "Stock",
    "פרסטון": "Preston",
    "פורטסמות'": "Portsmouth",
    "קווינס פארק ריינג'רס": "Queens Park Rangers",
    "ווסט ברומיץ'": "West Bromwich",
    "בריסטול סיטי": "Bristol City",
    "רקסהאם": "Wrexham",
    "שפילד יונייטד": "Sheffield United",
    "ארסנל": "Arsenal",
    "ברייטון": "Brighton",
    "ברנטפורד": "Brentford",
    "בורנמות'": "Bournemouth",
    "מנצ'סטר יונייטד": "Manchester United",
    "ניוקאסל": "Newcastle",
    "ברנלי": "Burnley",
    "אברטון": "Everton",
    "נוטינגהאם פורסט": "Nottingham Forest",
    "מנצ'סטר סיטי": "Manchester City",
    "סנדרלנד": "Sunderland",
    "לידס": "Leeds",
    "צ'לסי": "Chelsea",
    "אסטון וילה": "Aston Villa",
    "קריסטל פאלאס": "Crystal Palace",
    "טוטנהאם": "Tottenham",
    "ליברפול": "Liverpool",
    "וולבס": "Wolverhampton Wanderers",
    "ווסטהאם": "West Ham",
    "פולהאם": "Fulham",
    "קאסה פיה ליסבון": "Casa Pia",
    "ויטוריה גימראייש": "Vitoria Guimaraes",
    "ארוקה": "Aruka",
    "ז'יל ויסנטה": "Gil Vicente",
    "פורטו": "FC Porto",
    "איי.וי.אס": "AVS",
    "פמליקאו": "Pamlicao",
    "אסטרלה אמדורה": "Estrela da Amadora",
    "אשטוריל": "Ashtoril",
    "אלברקה": "Albarca",
    "ספורטינג ליסבון": "Sporting CP",
    "ריו אווה": "Rio Eva",
    "בראגה": "Braga",
    "בנפיקה ליסבון": "Benfica",
    "ברקלי טאון": "Berkeley Town",
    "פורסט גרין": "Forest Green",
    "בריינטרי": "Braintree",
    "סאות'נד יונייטד": "Southend United",
    "איסטליי": "Eastleigh",
    "ווקינג": "Woking",
    "האליפקס טאון": "Halifax Town",
    "אלטרינצ'אם": "Altrincham",
    "גייטסהד": "Gateshead",
    "קרלייל": "Carlisle",
    "הארטלפול": "Hartlepool",
    "סקאנת'ורפ": "Scunthorpe",
    "סוליהאל": "Solihull",
    "טאמוורת'": "Tamworth",
    "מורקאמב": "Morecambe",
    "רוצ'דייל": "Rochdale",
    "סאטון יונייטד": "Sutton United",
    "אלדרשוט": "Aldershot",
    "טרורו סיטי": "Truro City",
    "יאוביל": "Yeovil Town",
    "וולדסטון": "Wealdstone",
    "בורהאם ווד": "Boreham Wood",
    "יורק סיטי": "York City",
    "בוסטון יונייטד": "Boston United",
    "מרוקו": "Morocco",
    "מאלי": "Mali",
    "בארי טאון": "Barry Town",
    "קרדיף מטרופוליטן": "Cardiff Metropolitan",
    "זמביה": "Zambia",
    "קומורוס": "Comoros",
    "אקרינגטון סטנלי": "Accrington Stanley",
    "בארו": "Barrow",
    "קרואלי טאון": "Crawley Town",
    "קולצ'סטר": "Colchester",
    "מילטון קינס דונס": "Milton Keynes Downs",
    "סווינדון": "Swindon",
    "גרימסבי": "Grimsby",
    "אולדהאם": "Oldham",
    "בריסטול רוברס": "Bristol Rovers",
    "ברומלי": "Bromley",
    "ג'ילינגהאם": "Gillingham",
    "קיימברידג' יונייטד": "Cambridge United",
    "טראנמיר רוברס": "Tranmere Rovers",
    "פליטווד טאון": "Fleetwood Town",
    "ניופורט קאונטי": "Newport County",
    "בארנט": "Barnet",
    "סלפורד סיטי": "Salford City",
    "הרוגייט טאון": "Harrogate Town",
    "צ'סטרפילד": "Chesterfield",
    "נוטס קאונטי": "Notts County",
    "צ'לטנהאם": "Cheltenham",
    "שרוסברי": "Shrewsbury",
    "וולסול": "Walsall",
    "קרו אלכסנדרה": "Crewe Alexandra",
    "ארדס": "Ardes",
    "ווארנפוינט טאון": "Warrenpoint Town",
    "מצרים": "Egypt",
    "דרום אפריקה": "South Africa",
    "אנגולה": "Angola",
    "זימבבואה": "Zimbabwe",
    "ניגריה": "Nigeria",
    "טוניסיה": "Tunisia",
    "אוגנדה": "Uganda",
    "טנזניה": "Tanzania",
    "מכלן": "Mechelen",
    "דנדר": "Dender",
    "גנק": "Genk",
    "קלאב ברוז'": "Club Brugge",
    "ראל לה לובייר": "RAAL La Louviere",
    "לובן": "Oud-Heverlee Leuven",
    "אנטוורפן": "Antwerp",
    "זולטה וארגם": "Zolta and Argom",
    "סטאנדרד ליאז'": "Standard Liege",
    "סט טרוידן": "St. Troyden",
    "גנט": "Gent",
    "ווסטרלו": "Westerlo",
    "אנדרלכט": "Anderlecht",
    "שרלרואה": "Charleroi",
    "סרקל ברוז'": "Circle Bruges",
    "סן ז'ילואז": "Saint Gilois",
    "סנגל": "Senegal",
    "הרפובליקה הדמוקרטית של קונגו": "DR Congo",
    "פאלרמו": "Palermo",
    "פאדובה": "Padua",
    "קטנזארו 1929": "Catanzaro 1929",
    "צ'זנה": "Cesena",
    "מודנה": "Modena",
    "מונזה": "Monza",
    "בארי": "Barry",
    "א.ס. אבלינו": "Avellino",
    "בנין": "Benin",
    "בוטסואנה": "Botswana",
    "אמפולי": "Empoli",
    "פרוסינונה": "Frosinone",
    "יובה סטאביה": "Juve Stabia",
    "פ.צ. סודטירול": "Sudtirol",
    "קאררסה 1908": "Carrarese",
    "מנטובה 1911": "Mantova 1911",
    "סמפדוריה": "Sampdoria",
    "רג'יאנה": "Reggiana",
    "ספציה": "Spezia",
    "פסקארה": "Pescara",
    "ונציה": "Venezia",
    "וירטוס אנטלה": "Virtus Entella",
    "אקדמיקה ויסו": "Academico de Viseu",
    "בנפיקה ליסבון ב'": "Benfica II",
    "פאקו פריירה": "Pacos Ferreira",
    "פארנסה": "Farense",
    "רומא": "Rome",
    "גנואה": "Genoa",
    "פיזה": "Pisa",
    "יובנטוס": "Juventus",
    "מילאן": "AC Milan",
    "ורונה": "Hellas Verona",
    "לצ'ה": "Leche",
    "קומו": "Como",
    "פארמה": "Parma",
    "פיורנטינה": "Fiorentina",
    "אטאלנטה": "Atalanta",
    "אינטר": "Internazionale",
    "טורינו": "Turin",
    "קליארי": "Cagliari",
    "קרמונזה": "Cremonese",
    "נאפולי": "Naples",
    "אודינזה": "Udinese",
    "לאציו": "Lazio",
    "בולוניה": "Bologna",
    "ססואולו": "Sassuolo",
    "אנקרה קצ'יורנגוצ'ו": "Keciorengucu",
    "אומרניספור": "Umraniyespor",
    "ארזורומספור": "Erzurumspor",
    "צ'ורום": "Corum Belediyespor",
    "סקריאספור": "Sakaryaspor",
    "מניסה": "Manisa FK",
    "אמד ספורטיף": "Amed Sportif Faliyetler",
    "איגדיר בלדיספור": "Igdir Belediyespor",
    "סריק בלדיספור": "Serik Belediyespor",
    "בולוספור": "Boluspor",
    "אל סאלייה": "Al Sailiya",
    "אל וואקרח": "Al Waqarah",
    "אל אהלי דוחא": "Al Ahli Doha",
    "אום סלאל": "Umm Salal",
    "אל ערבי דוחא": "Al Arabi Doha",
    "אל ריאן": "Al Ryan",
    "אל זולפי": "Al-Zulfi",
    "אל אורובה": "Al-Orobah",
    "אל ראיד": "Al Raid",
    "אל דרייה": "Al Darya",
    "אבחה קלאב": "Abha Club",
    "אל טאי": "Al-Tai",
    "אל פייסאלי": "Al Faisali",
    "ג'דה קלאב": "Jeddah Club",
    "אל איתיחד ג'דה": "Al-Ittihad",
    "אל שבאב": "Al-Shabab",
    "אל קדיסיה": "Al Qadsiah",
    "דאמאק": "Damac",
    "אל חלוד": "Al-Kholood",
    "אל טאוון": "Al-Taawoun",
    "אל ריאד": "Al-Riyadh",
    "אל איתיפק": "Al Itifak",
    "נאום": "Neom SC",
    "אל נג'מה": "Al-Najma",
    "אל הילאל ריאד": "Al-Hilal",
    "אל חליג'": "Al-Khaleej",
    "אל פתח": "Al-Fateh",
    "אל אהלי סעודי": "Al Ahli Saudi",
    "אל נאסר ריאד": "Al-Nassr",
    "אל אחדוד": "Al-Akhdoud",
    "ניוקאסל ג'טס": "Newcastle Jets",
    "מאקארתור": "MacArthur",
    "אדלייד יונייטד": "Adelaide United",
    "ווסטרן סידני": "Western Sydney",
    "מלבורן סיטי": "Melbourne City",
    "פרת' גלורי": "Perth Glory",
    "מלבורן ויקטורי": "Melbourne Victory",
    "וולינגטון פניקס": "Wellington Phoenix",
    "מ.ס כפר קאסם": "MS Kfar Kasem",
    "מכבי חולון ירמיהו": "Maccabi Holon Yeremiahu",
    "הפועל פתח תקוה": "Hapoel Petah Tikva",
    "הפועל עירוני כרמיאל": "Hapoel Ironi Karmiel",
    "מכבי תל אביב": "Maccabi Tel Aviv",
    "הפועל חיפה": "Hapoel Haifa",
    "הפועל תל אביב": "Hapoel Tel Aviv",
    "מ.ס. אשדוד": "FC Ashdod",
    "בני סכנין": "Bnei Sakhnin",
    "מכבי קביליו יפו": "Maccabi Kabilio Jaffa",
    "עירוני טבריה": "Ironi Tiberias",
    "בית\"ר ירושלים": "Beitar Jerusalem",
    "הפועל רעננה": "Hapoel Raanana",
    "עירוני קרית גת": "Ironi Kiryat Gat",
    "הפועל רמת גן": "Hapoel Ramat Gan",
    "עירוני קרית שמונה": "Ironi Kiryat Shmona",
    "מכבי בני ריינה": "Maccabi Bnei Reineh",
    "הפועל כפר שלם": "Hapoel Kfar Shalem",
    "בני יהודה ת\"א": "Bnei Yehuda Tel Aviv",
    "מכבי עירוני קרית אתא": "Maccabi City Kiryat Ata",
    "מכבי אחי נצרת": "Maccabi Ahi Nazareth",
    "מכבי חיפה": "Maccabi Haifa",
    "הפועל ירושלים": "Hapoel Jerusalem",
    "הפועל א.א. פאחם": "Hapoel A.A. Faham",
    "מכבי הרצליה": "Maccabi Herzliya",
    "מ.כ. כפר סבא": "Hapoel Kfar Saba",
    "מ.ס. דימונה": "MS Dimona",
    "הפועל כפר סבא": "Hapoel Kfar Saba",
    "אנטליה קפזספור": "Antalya Kapazspor",
    "בטמן פטרולספור": "Batman Petrolspor",
    "אינגולספור": "Ingolspur",
    "אלטינורדו": "Altinardo",
    "בלואיזדד": "Belouizdad",
    "סטיף": "ES Setif",
    "היברניאן": "Hibernian",
    "הארטס": "Hearts",
    "דנדי": "Dundee FC",
    "פאלקירק": "Falkirk",
    "ליבינגסטון": "Livingston",
    "סלטיק": "Celtic",
    "גלזגו ריינג'רס": "Glasgow Rangers",
    "מאת'רוול": "Motherwell",
    "סט. מירן": "St Mirren",
    "קילמרנוק": "Kilmarnock",
    "אברדין": "Aberdeen",
    "דנדי יונייטד": "Dundee United",
    "בוקאספור": "Bucaspor 1928",
    "קראצ'ביי בלדייספור": "Karacabey Belediyespor",
    "בייקוז אנאדולוספור": "Beykoz Anadoluspor",
    "קרמן": "Karaman FK",
    "מוגלספור": "Muglaspor",
    "קסטמונוספור": "Kastamonuspor",
    "ארבספור": "Erbaaspor",
    "ביוגלו ייני צ'רשי": "Beyoglu Yeni Carsi",
    "ארזינקנספור 24": "Erzincanspor 24",
    "אלזיגספור": "Alzigspor",
    "איסקנדרון": "Iskenderunspor",
    "אנקרגוצ'ו": "Ankaragucu",
    "זמלק": "Zamalek",
    "סמוחה": "Samuha",
    "טורנסה": "Torrence",
    "לוזיטאניה לורוסה": "Lusitania Lourosa",
    "גאבון": "Gabon",
    "מוזמביק": "Mozambique",
    "גיניאה המשוונית": "Equatorial Guinea",
    "סודאן": "Sudan",
    "אלג'יריה": "Algeria",
    "בורקינה פאסו": "Burkina Faso",
    "חוף השנהב": "Ivory Coast",
    "קמרון": "Cameroon",
    "פרסיק קדירי": "Persik Kediri",
    "פרסיס סולו": "Persis Solo",
    "מאלוט יונייטד": "Malut United",
    "בורניאו": "Borneo",
    "דורצ'סטר": "Dorchester",
    "וויימות'": "Weymouth",
    "איבשם יונייטד": "Chesham United",
    "ייט טאון": "Yacht Town",
    "שולינג": "Sholing",
    "בסינגסטוק": "Basingstoke",
    "הנגרפורד טאון": "Hungerford Town",
    "ברקהמסטד": "Berkhamsted",
    "פלימות' פארקוויי": "Plymouth Parkway",
    "טיברטון טאון": "Tiverton Town",
    "הנוול טאון": "Hanwell Town",
    "אוקסברידג'": "oxbridge",
    "ווימבורן טאון": "Wimborne Town",
    "פול טאון": "Paul Town",
    "פרסיב באנדונג": "Persib Bandung",
    "מקאסר": "PSM Makassar",
    "וורצ'סטר": "Worcester",
    "היילסאואן טאון": "Haleswan Town",
    "באלי יונייטד": "Bali United",
    "דווה יונייטד": "Dewa United",
    "פרסיג'ה ג'קארטה": "Persija Jakarta",
    "באינגקרה": "Bhayangkara",
    "מ.ס. אלג'ר": "MC Alger",
    "פרדו": "Paradou AC",
    "רוסה": "MB Rouisset",
    "קבילה": "JS Kabylie",
    "שלף": "ASO Chlef",
    "מוסטאגנם": "ES Mostaganem",
    "בן אקנון": "Ben Aknoun",
    "אולימפיק עקבו": "Olympique Akbou",
    "יו.אס.אם. אלג'יר": "USM Alger",
    "אורן": "MC Oran",
    "מדורה יונייטד": "Madura United",
    "סמן פדאנג": "Semen Padang",
    "ארמה": "Arma",
    "פרסיטה טנדרנג": "Persita Tangerang",
    "פרסבאיה סורבאיה": "Persebaya Surabaya",
    "פרסיג'פ ג'פארה": "Persigep Jafara",
    "פסים יוגיאקרטה": "PSIM Yogyakarta",
    "ביאק נומפור": "PSBS Biak Numfor",
    "וולייטה דישה": "Volita Disha",
    "ארבה מינץ' קנמה": "Arba Minch Kenema",
    "מקלה 70 אנדרטה": "Macla 70 monument",
    "סט. ג'ורג'": "Set. george",
    "אל שאמאל": "Al-Shamal",
    "אל-סעאד (קטאר)": "Al Sadd",
    "אל חאזם": "Al-Hazem",
    "דורקינג וונדררס": "Dorking Wanderers",
    "הורסהאם": "Horsham",
    "לינפילד": "Linfield",
    "גלנטורן": "Glenthorne",
    "פורטדאון": "Portadown",
    "גלנבון": "Glenbon",
    "באלימנה יונייטד": "Ballymena United",
    "קולריין": "Coleraine",
    "צ'יפנהאם": "Chippenham",
    "באת' סיטי": "Bath City",
    "מארין": "Marine",
    "סאות'פורט": "Southport",
    "קליפטונוויל": "Cliftonville",
    "קרוסיידרס": "Crusaders",
    "קאריק": "Carrick",
    "לארנה": "Larne",
    "סאות' שילד": "South Shields",
    "ספנימור טאון": "Spennymoor Town",
    "דנגאנון": "Dungannon",
    "באנגור": "Bangor",
    "טלפורד": "Telford",
    "צ'סטר": "Chester",
    "סליסבורי": "Salisbury",
    "תוטון": "AFC Totton",
    "אנפילד טאון": "Enfield Town",
    "צ'למספורד": "Chelmsford",
    "וורינגת'ון ריילנדס": "Warrington Rylands",
    "וורינגטון טאון": "Warrington Town",
    "פיילד": "AFC Fylde",
    "צ'ורלי": "Chorley",
    "קורזון אשטון": "Curzon Ashton",
    "רדקליף": "Radcliffe",
    "לימינגטון": "Leamington",
    "בדפורד": "Bedford",
    "וורקסופ": "Worksop",
    "אלפרטון": "Alfreton",
    "פארנבורו": "Farnborough",
    "המפטון&ריצ'מונד": "Hampton & Richmond",
    "מאקסלפילד": "Macclesfield",
    "בקסטון": "Baxton",
    "קינגס לין": "King's Lynn",
    "פטרבורו ספורט": "Peterborough Sports",
    "לנקסטר סיטי": "Lancaster City",
    "במבר ברידג'": "bamber bridge",
    "ניואינגטון": "Newington",
    "קווינס יוניברסיטי": "Queen's University",
    "ליק טאון": "Lick Town",
    "סטוקברידג' פארק": "Stockbridge Park",
    "לימאבדי יונייטד": "Limavady United",
    "אינסטיטיוט": "Institute",
    "אשטון יונייטד": "Ashton United",
    "הייד יונייטד": "Hyde United",
    "מיידנהד": "Maidenhead",
    "סלו יונייטד": "Slough United",
    "הרפורד": "Hereford",
    "קידרמינסטר": "Kidderminster",
    "אילקסטון טאון": "Ilkeston Town",
    "רושל אולימפיק": "Rushall Olympic",
    "לודגול": "Ludgol",
    "ארמג סיטי": "Armagh City",
    "גייסלי": "Guiseley",
    "גיינסבורו": "Gainsborough",
    "טורקווי": "Torquay",
    "ווסטון": "Weston",
    "וויטבי": "Whitby",
    "מורפת' טאון": "Morpeth Town",
    "אל פייחה": "Al-Fayha",
    "תדחמון": "Tadhamon",
    "אל ערבי": "Al Arabi",
    "שבאב אל אהלי דובאי": "Shabab Al Ahli Dubai",
    "שארג'ה": "Sharjah",
    "אל אהלי": "Al-Ahli",
    "טלקום איג'יפט": "Telecom Egypt",
    "מודרן ספורט": "Modern Sport FC",
    "אולימפיק אל קאנה": "Olympic El Qanah",
    "טאלה אל ג'איש": "Tala Al Jaish",
    "קרבה איסמעיליה": "Karba Ismailia",
    "גוספורט בורו": "Gosport Borough",
    "הבנט אנד ווטרלוביל": "Havant & Waterlooville",
    "אהלי": "Ohod Club",
    "אל חיד": "Al Hidd",
    "אל רוסטק": "Al-Rustaq",
    "סוחר": "Sohar SC",
    "הארטס אוף אוק": "Hearts of Oak",
    "סמרטקס": "Smartex",
    "אל כוויית": "Al Kuwait",
    "אל פאהיל": "Al Fahil",
    "אל וואחדה": "Al Wahda",
    "ח'ור פאקאן": "Khor Pakan",
    "דיבא אל פוגירח": "Diba al Fugirah",
    "אל וואסל": "Al Wasl",
    "אל נאסר דובאי": "Al Nasser Dubai",
    "אל עין": "Al Ain",
    "בלדיאת אל מחאלה": "Baldiat al Mahala",
    "נאשיונל בנק": "National Bank",
    "אנפי": "Anfi",
    "הרס אל חודו": "Haras El Hodood",
    "אל דוהייל (קטאר)": "Al Duhail (Qatar)",
    "קטאר ספורט קלאב": "Qatar Sports Club",
    "בריטון פרי": "Britton Perry",
    "קונה קואיי": "Kona Kuai",
    "ניו סיינטס": "New Saints",
    "סנטרל קואסט": "Central Coast",
    "בריסביין רוארס": "Brisbane Roar",
    "בחלה קלאב": "Badla Club",
    "סור": "Sur",
    "אל-שבאב": "Al-Shabab",
    "דופר": "Duper",
    "אל מוחארק": "Al Muharraq",
    "אל נגמה מנעמה": "Al Ngema Manama",
    "אל אהלי מנעמה": "Al Ahli Menamah",
    "סיטרה קלאב": "Sitra Club",
    "סלטה ויגו": "Vigo salad",
    "ולנסיה": "Valencia",
    "אלצ'ה": "Alecha",
    "ויאריאל": "Villarreal",
    "אוסאסונה": "Osasuna",
    "אתלטיק בילבאו": "Athletic Bilbao",
    "אספניול": "Espanyol",
    "ברצלונה": "Barcelona",
    "ראיו וייקאנו": "We saw it",
    "חטאפה": "Getafe",
    "ניס": "Nice",
    "שטראסבורג": "Strasbourg",
    "מונאקו": "Monaco",
    "ליון": "Lyon",
    "ליל": "Lille",
    "ראן": "Ran",
    "טולוז": "Toulouse",
    "לאנס": "Lance",
    "נאסיונל מדיירה": "Nacional da Madeira",
    "אייבר": "Aber",
    "מיראנדס": "Mirandes",
    "הפועל באר שבע": "Hapoel Beer Sheva",
    "מכבי נתניה": "Maccabi Netanya",
    "דאג ורד": "Doug rose",
    "האברפורדווסט": "Haverfordwest",
    "אראדיפו": "Arradipo",
    "קרסאבה ייפסונאס": "Karsaba Ypsonas",
    "אדלה": "Adela",
    "ג'בליין": "Javelin",
    "אל באטין": "Al Batin",
    "אל ג'ובאיל": "Al Jubail",
    "אל ג'נדל": "Al-Jandal",
    "אוקלנד": "Oakland",
    "אל איתיחד קלבה": "Al Ittihad Kalba",
    "אל ג'זירה": "Al Jazeera",
    "אל דפרה": "Al Dafra",
    "בניאס": "Banias",
    "אאוקם": "I will wake up",
    "סטאד דה מ'בור": "Stade de M'Bore",
    "ג'נריישן פוט": "Generation Foot",
    "פיקינה": "AS Pikine",
    "חלידייה": "Al-Khaldiya SC",
    "אל בודאייה": "Of course not",
    "ספניש טאון פוליס": "Spanish Town Police",
    "טרז'ר ביץ'": "treasure beach",
    "פסיל קנמה": "Kenma is disabled",
    "אתיופיה אלקטריסיטי": "Ethiopia Electricity",
    "אדנה דמירספור": "Adna Demirspor",
    "איסטנבולספור": "Istanbulspor",
    "קזמה": "a magnet",
    "סלמייה": "Salmiya",
    "טיבולי גרדנס": "Tivoli Gardens",
    "צ'פלטון מארונס": "Chapleton Maroons",
    "אל מוסנה": "Al Musna",
    "אל נחדה": "El Nahda",
    "וולוואלו אדיגרט": "Volvo Edigart",
    "בהיר דר קנמה": "Bahir Dar Kenma"
}